{
  "project_info": {
    "project_number": "146885914985",
    "project_id": "sai-cabz-driver-app",
    "storage_bucket": "sai-cabz-driver-app.firebasestorage.app"
  },
  "client": [
    {
      "client_info": {
        "mobilesdk_app_id": "1:146885914985:android:88b13019dd571577d70df8",
        "android_client_info": {
          "package_name": "com.example.sai_cabz_driver_app"
        }
      },
      "oauth_client": [],
      "api_key": [
        {
          "current_key": "AIzaSyAmVi378AGYC0HJbNowxg1oBXouubhR2fk"
        }
      ],
      "services": {
        "appinvite_service": {
          "other_platform_oauth_client": []
        }
      }
    }
  ],
  "configuration_version": "1"
}